{"cameraMode":{"drawMode":0,"name":"Shaded","section":"Shading Mode"},"sceneLighting":true,"audioPlay":false,"sceneViewState":{"m_AlwaysRefresh":false,"showFog":true,"showSkybox":true,"showFlares":true,"showImageEffects":true,"showParticleSystems":true,"showVisualEffectGraphs":true,"m_FxEnabled":true},"in2DMode":false,"pivot":{"x":0.05549022555351257,"y":1.4082045555114747,"z":-0.6708365678787231},"rotation":{"x":-0.00868125632405281,"y":0.9822355508804321,"z":-0.18208761513233186,"w":-0.04567932337522507},"size":0.9711195826530457,"orthographic":false}