{"cameraMode":{"drawMode":0,"name":"Shaded","section":"Shading Mode"},"sceneLighting":true,"audioPlay":false,"sceneViewState":{"m_AlwaysRefresh":false,"showFog":true,"showSkybox":true,"showFlares":true,"showImageEffects":true,"showParticleSystems":true,"showVisualEffectGraphs":true,"m_FxEnabled":true},"in2DMode":false,"pivot":{"x":-0.02958989143371582,"y":1.0091221332550049,"z":-0.161077618598938},"rotation":{"x":0.09630667418241501,"y":-0.8754485249519348,"z":0.19508635997772218,"w":0.43165159225463869},"size":1.0375123023986817,"orthographic":false}