{"cameraMode":{"drawMode":0,"name":"Shaded","section":"Shading Mode"},"sceneLighting":true,"audioPlay":false,"sceneViewState":{"m_AlwaysRefresh":false,"showFog":true,"showSkybox":true,"showFlares":true,"showImageEffects":true,"showParticleSystems":true,"showVisualEffectGraphs":true,"m_FxEnabled":true},"in2DMode":false,"pivot":{"x":-1.992920994758606,"y":0.6662887334823608,"z":0.20278525352478028},"rotation":{"x":-0.055888477712869647,"y":0.8598730564117432,"z":-0.09600412845611572,"w":-0.49840328097343447},"size":0.8331860303878784,"orthographic":false}