{"cameraMode":{"drawMode":0,"name":"Shaded","section":"Shading Mode"},"sceneLighting":true,"audioPlay":false,"sceneViewState":{"m_AlwaysRefresh":false,"showFog":true,"showSkybox":true,"showFlares":true,"showImageEffects":true,"showParticleSystems":true,"showVisualEffectGraphs":true,"m_FxEnabled":true},"in2DMode":false,"pivot":{"x":-0.01018369197845459,"y":0.07796794176101685,"z":0.09792345762252808},"rotation":{"x":0.16555623710155488,"y":-0.5966355204582214,"z":0.12719570100307465,"w":0.7749658226966858},"size":1.075928807258606,"orthographic":false}