{"cameraMode":{"drawMode":0,"name":"Shaded","section":"Shading Mode"},"sceneLighting":true,"audioPlay":false,"sceneViewState":{"m_AlwaysRefresh":false,"showFog":true,"showSkybox":true,"showFlares":true,"showImageEffects":true,"showParticleSystems":true,"showVisualEffectGraphs":true,"m_FxEnabled":true},"in2DMode":false,"pivot":{"x":-0.20000000298023225,"y":1.0399999618530274,"z":0.8700000047683716},"rotation":{"x":-0.1042976975440979,"y":0.776136577129364,"z":-0.13298016786575318,"w":-0.6075646281242371},"size":0.3448244035243988,"orthographic":false}