{"cameraMode":{"drawMode":0,"name":"Shaded","section":"Shading Mode"},"sceneLighting":true,"audioPlay":false,"sceneViewState":{"m_AlwaysRefresh":false,"showFog":true,"showSkybox":true,"showFlares":true,"showImageEffects":true,"showParticleSystems":true,"showVisualEffectGraphs":true,"m_FxEnabled":true},"in2DMode":false,"pivot":{"x":-0.1899999976158142,"y":1.0499999523162842,"z":0.6499999761581421},"rotation":{"x":-0.11924245208501816,"y":0.7442972660064697,"z":-0.13788346946239472,"w":-0.6425539255142212},"size":0.3144885003566742,"orthographic":false}