{"cameraMode":{"drawMode":0,"name":"Shaded","section":"Shading Mode"},"sceneLighting":false,"audioPlay":false,"sceneViewState":{"m_AlwaysRefresh":false,"showFog":false,"showSkybox":false,"showFlares":false,"showImageEffects":false,"showParticleSystems":false,"showVisualEffectGraphs":true,"m_FxEnabled":true},"in2DMode":false,"pivot":{"x":0.07369765639305115,"y":0.8386147022247315,"z":0.004533141851425171},"rotation":{"x":0.014167503453791142,"y":-0.9849281311035156,"z":0.09813158214092255,"w":0.1419183909893036},"size":0.7366779446601868,"orthographic":false}